{"cameraMode":{"drawMode":0,"name":"Shaded","section":"Shading Mode"},"sceneLighting":false,"audioPlay":false,"sceneViewState":{"m_AlwaysRefresh":false,"showFog":true,"showSkybox":false,"showFlares":true,"showImageEffects":true,"showParticleSystems":true,"showVisualEffectGraphs":true,"m_FxEnabled":true},"in2DMode":false,"pivot":{"x":46.432044982910159,"y":-211.51271057128907,"z":82.4469223022461},"rotation":{"x":0.6011374592781067,"y":0.012218610383570195,"z":-0.009199914522469044,"w":0.799019455909729},"size":158.06869506835938,"orthographic":false}