{"cameraMode":{"drawMode":0,"name":"Shaded","section":"Shading Mode"},"sceneLighting":false,"audioPlay":false,"sceneViewState":{"m_AlwaysRefresh":false,"showFog":true,"showSkybox":false,"showFlares":true,"showImageEffects":true,"showParticleSystems":true,"showVisualEffectGraphs":true,"m_FxEnabled":true},"in2DMode":false,"pivot":{"x":56.36540985107422,"y":-207.20286560058595,"z":97.09203338623047},"rotation":{"x":0.6011374592781067,"y":0.012218610383570195,"z":-0.009199914522469044,"w":0.799019455909729},"size":160.83876037597657,"orthographic":false}