{"cameraMode":{"drawMode":0,"name":"Shaded","section":"Shading Mode"},"sceneLighting":false,"audioPlay":false,"sceneViewState":{"m_AlwaysRefresh":false,"showFog":true,"showSkybox":false,"showFlares":true,"showImageEffects":true,"showParticleSystems":true,"showVisualEffectGraphs":true,"m_FxEnabled":true},"in2DMode":false,"pivot":{"x":321.848388671875,"y":219.337646484375,"z":17.003883361816408},"rotation":{"x":-0.016497278586030008,"y":-0.01470157690346241,"z":-0.00024258003395516425,"w":0.9997595548629761},"size":278.3972473144531,"orthographic":false}