{"cameraMode":{"drawMode":0,"name":"Shaded","section":"Shading Mode"},"sceneLighting":false,"audioPlay":false,"sceneViewState":{"m_AlwaysRefresh":false,"showFog":true,"showSkybox":false,"showFlares":true,"showImageEffects":true,"showParticleSystems":true,"showVisualEffectGraphs":true,"m_FxEnabled":true},"in2DMode":false,"pivot":{"x":17.749048233032228,"y":7.478916168212891,"z":4.137298583984375},"rotation":{"x":0.3325420022010803,"y":0.0045229061506688599,"z":-0.001595248351804912,"w":0.9430804252624512},"size":22.432926177978517,"orthographic":false}