{"cameraMode":{"drawMode":0,"name":"Shaded","section":"Shading Mode"},"sceneLighting":false,"audioPlay":false,"sceneViewState":{"m_AlwaysRefresh":false,"showFog":true,"showSkybox":false,"showFlares":true,"showImageEffects":true,"showParticleSystems":true,"showVisualEffectGraphs":true,"m_FxEnabled":true},"in2DMode":false,"pivot":{"x":-0.8444614410400391,"y":-5.288505554199219,"z":5.8562164306640629},"rotation":{"x":0.23946449160575868,"y":-0.20467670261859895,"z":0.05171122029423714,"w":0.9476935863494873},"size":14.982192039489746,"orthographic":false}