{"cameraMode":{"drawMode":0,"name":"Shaded","section":"Shading Mode"},"sceneLighting":false,"audioPlay":false,"sceneViewState":{"m_AlwaysRefresh":false,"showFog":true,"showSkybox":false,"showFlares":true,"showImageEffects":true,"showParticleSystems":true,"showVisualEffectGraphs":true,"m_FxEnabled":true},"in2DMode":false,"pivot":{"x":-1.5995310544967652,"y":0.14512062072753907,"z":-0.30725574493408205},"rotation":{"x":0.4045488238334656,"y":0.04414033889770508,"z":-0.019553394988179208,"w":0.9132456183433533},"size":12.79300594329834,"orthographic":false}