{"cameraMode":{"drawMode":0,"name":"Shaded","section":"Shading Mode"},"sceneLighting":false,"audioPlay":false,"sceneViewState":{"m_AlwaysRefresh":false,"showFog":true,"showSkybox":false,"showFlares":true,"showImageEffects":true,"showParticleSystems":true,"showVisualEffectGraphs":true,"m_FxEnabled":true},"in2DMode":false,"pivot":{"x":2.9573261737823488,"y":4.203340530395508,"z":-12.56197738647461},"rotation":{"x":-0.0014945544535294176,"y":-0.9973976612091065,"z":0.06892958283424378,"w":-0.021855859085917474},"size":19.604122161865236,"orthographic":false}